{"cameraMode":{"drawMode":0,"name":"Shaded","section":"Shading Mode"},"sceneLighting":false,"audioPlay":false,"sceneViewState":{"showFog":true,"showMaterialUpdate":false,"showSkybox":true,"showFlares":true,"showImageEffects":true,"showParticleSystems":true},"in2DMode":false,"pivot":{"x":-3.271333932876587,"y":-0.6891329288482666,"z":5.742908000946045},"rotation":{"x":0.08705741912126541,"y":-0.7447084188461304,"z":0.09913641214370728,"w":0.6543543338775635},"size":2.4142885208129885,"orthographic":false}