{"cameraMode":{"drawMode":0,"name":"Shaded","section":"Shading Mode"},"sceneLighting":false,"audioPlay":false,"sceneViewState":{"showFog":true,"showMaterialUpdate":false,"showSkybox":false,"showFlares":true,"showImageEffects":true,"showParticleSystems":true},"in2DMode":false,"pivot":{"x":-3.6073944568634035,"y":0.14570868015289308,"z":6.731299877166748},"rotation":{"x":-0.06470387428998947,"y":0.7902393341064453,"z":-0.08472876250743866,"w":-0.6034901738166809},"size":1.7371419668197632,"orthographic":false}