{"cameraMode":{"drawMode":0,"name":"Shaded","section":"Shading Mode"},"sceneLighting":false,"audioPlay":false,"sceneViewState":{"showFog":true,"showMaterialUpdate":false,"showSkybox":true,"showFlares":true,"showImageEffects":true,"showParticleSystems":true},"in2DMode":false,"pivot":{"x":-1.1748991012573243,"y":-1.1263065338134766,"z":2.8838233947753908},"rotation":{"x":0.06333521753549576,"y":-0.9363824725151062,"z":0.23062856495380402,"w":0.25702112913131716},"size":10.436739921569825,"orthographic":false}