{"cameraMode":{"drawMode":0,"name":"Shaded","section":"Shading Mode"},"sceneLighting":false,"audioPlay":false,"sceneViewState":{"showFog":true,"showMaterialUpdate":false,"showSkybox":true,"showFlares":true,"showImageEffects":true,"showParticleSystems":true},"in2DMode":false,"pivot":{"x":-2.6677281856536867,"y":-2.689389228820801,"z":9.563554763793946},"rotation":{"x":-0.11521543562412262,"y":0.26973047852516177,"z":-0.03252379968762398,"w":-0.955516517162323},"size":9.303540229797364,"orthographic":false}