{"cameraMode":{"drawMode":0,"name":"Shaded","section":"Shading Mode"},"sceneLighting":false,"audioPlay":false,"sceneViewState":{"showFog":true,"showMaterialUpdate":false,"showSkybox":true,"showFlares":true,"showImageEffects":true,"showParticleSystems":true},"in2DMode":false,"pivot":{"x":-0.7193641662597656,"y":-1.7570269107818604,"z":-0.9097375869750977},"rotation":{"x":0.030597757548093797,"y":-0.9672326445579529,"z":0.14172586798667909,"w":0.20857496559619904},"size":12.85628604888916,"orthographic":false}