{"cameraMode":{"drawMode":0,"name":"Shaded","section":"Shading Mode"},"sceneLighting":false,"audioPlay":false,"sceneViewState":{"showFog":true,"showMaterialUpdate":false,"showSkybox":true,"showFlares":true,"showImageEffects":true,"showParticleSystems":true},"in2DMode":false,"pivot":{"x":-0.7874887585639954,"y":-0.817986011505127,"z":4.284812927246094},"rotation":{"x":-0.08196985721588135,"y":0.9090246558189392,"z":-0.21410393714904786,"w":-0.3480905294418335},"size":10.499715805053711,"orthographic":false}