{"cameraMode":{"drawMode":0,"name":"Shaded","section":"Shading Mode"},"sceneLighting":false,"audioPlay":false,"sceneViewState":{"showFog":true,"showMaterialUpdate":false,"showSkybox":true,"showFlares":true,"showImageEffects":true,"showParticleSystems":true},"in2DMode":false,"pivot":{"x":0.11861944198608399,"y":-1.370051622390747,"z":6.323572158813477},"rotation":{"x":0.2964957058429718,"y":-0.6564078330993652,"z":0.3149945139884949,"w":0.6182283759117127},"size":5.746791839599609,"orthographic":false}