{"cameraMode":{"drawMode":0,"name":"Shaded","section":"Shading Mode"},"sceneLighting":false,"audioPlay":false,"sceneViewState":{"showFog":true,"showMaterialUpdate":false,"showSkybox":true,"showFlares":true,"showImageEffects":true,"showParticleSystems":true},"in2DMode":false,"pivot":{"x":-2.639646530151367,"y":-1.2088649272918702,"z":8.952014923095704},"rotation":{"x":0.16674639284610749,"y":-0.5643675327301025,"z":0.11763431131839752,"w":0.7999567985534668},"size":4.772312164306641,"orthographic":false}