{"cameraMode":{"drawMode":0,"name":"Shaded","section":"Shading Mode"},"sceneLighting":false,"audioPlay":false,"sceneViewState":{"showFog":true,"showMaterialUpdate":false,"showSkybox":true,"showFlares":true,"showImageEffects":true,"showParticleSystems":true},"in2DMode":false,"pivot":{"x":-0.7403470873832703,"y":-0.7089343070983887,"z":-2.2355968952178957},"rotation":{"x":-0.002018171828240156,"y":-0.9977800846099854,"z":0.03593561425805092,"w":-0.056036222726106647},"size":3.2658135890960695,"orthographic":false}