{"cameraMode":{"drawMode":0,"name":"Shaded","section":"Shading Mode"},"sceneLighting":false,"audioPlay":false,"sceneViewState":{"showFog":true,"showMaterialUpdate":false,"showSkybox":true,"showFlares":true,"showImageEffects":true,"showParticleSystems":true},"in2DMode":false,"pivot":{"x":-1.4623597860336304,"y":-0.6682308912277222,"z":-1.1548175811767579},"rotation":{"x":-0.047732867300510409,"y":0.9202018976211548,"z":-0.11820679903030396,"w":-0.37051278352737429},"size":2.065814256668091,"orthographic":false}