{"cameraMode":{"drawMode":0,"name":"Shaded","section":"Shading Mode"},"sceneLighting":false,"audioPlay":false,"sceneViewState":{"showFog":true,"showMaterialUpdate":false,"showSkybox":true,"showFlares":true,"showImageEffects":true,"showParticleSystems":true},"in2DMode":false,"pivot":{"x":5.288846969604492,"y":0.8725042343139648,"z":4.409739017486572},"rotation":{"x":-0.022030655294656755,"y":-0.8793284296989441,"z":-0.04093329235911369,"w":0.4740001857280731},"size":3.3452341556549074,"orthographic":false}