{"cameraMode":{"drawMode":0,"name":"Shaded","section":"Shading Mode"},"sceneLighting":false,"audioPlay":false,"sceneViewState":{"showFog":true,"showMaterialUpdate":false,"showSkybox":true,"showFlares":true,"showImageEffects":true,"showParticleSystems":true},"in2DMode":false,"pivot":{"x":-4.91640043258667,"y":0.40222567319869997,"z":1.2136526107788087},"rotation":{"x":0.027440546080470086,"y":-0.9332947731018066,"z":0.07293129712343216,"w":0.350646048784256},"size":16.41380500793457,"orthographic":false}