{"cameraMode":{"drawMode":0,"name":"Shaded","section":"Shading Mode"},"sceneLighting":false,"audioPlay":false,"sceneViewState":{"showFog":true,"showMaterialUpdate":false,"showSkybox":true,"showFlares":true,"showImageEffects":true,"showParticleSystems":true},"in2DMode":false,"pivot":{"x":-0.3961920738220215,"y":-0.2907547950744629,"z":5.487966537475586},"rotation":{"x":0.1398695707321167,"y":-0.8232656717300415,"z":0.23050633072853089,"w":0.49954962730407717},"size":8.043560028076172,"orthographic":false}