{"cameraMode":{"drawMode":0,"name":"Shaded","section":"Shading Mode"},"sceneLighting":true,"audioPlay":false,"sceneViewState":{"showFog":true,"showMaterialUpdate":false,"showSkybox":true,"showFlares":true,"showImageEffects":true,"showParticleSystems":true},"in2DMode":false,"pivot":{"x":-3.584505796432495,"y":-1.5266258716583253,"z":7.008236885070801},"rotation":{"x":-0.07991386204957962,"y":0.6801549792289734,"z":-0.07499255239963532,"w":-0.7248509526252747},"size":5.919835090637207,"orthographic":false}