{"cameraMode":{"drawMode":0,"name":"Shaded","section":"Shading Mode"},"sceneLighting":true,"audioPlay":false,"sceneViewState":{"showFog":true,"showMaterialUpdate":false,"showSkybox":true,"showFlares":true,"showImageEffects":true,"showParticleSystems":true},"in2DMode":false,"pivot":{"x":-5.487898826599121,"y":0.9807083606719971,"z":-2.8046932220458986},"rotation":{"x":0.21267291903495789,"y":-0.45651674270629885,"z":0.11321990936994553,"w":0.8565491437911987},"size":8.288325309753418,"orthographic":false}