{"cameraMode":{"drawMode":0,"name":"Shaded","section":"Shading Mode"},"sceneLighting":true,"audioPlay":false,"sceneViewState":{"showFog":true,"showMaterialUpdate":false,"showSkybox":true,"showFlares":true,"showImageEffects":true,"showParticleSystems":true},"in2DMode":false,"pivot":{"x":-3.4585623741149904,"y":1.3481745719909669,"z":-0.17189693450927735},"rotation":{"x":-0.30544379353523257,"y":0.6350304484367371,"z":-0.30248740315437319,"w":-0.6419797539710999},"size":10.569068908691407,"orthographic":false}